Repository,YAML File,YAML File Path,Status,Violations
GP_AF_SCF,scf.scf_mje_execution_plan.yml,cloned_repos\GP_AF_SCF\dags\talend_exit\SCF\workflows\scf.scf_mje_execution_plan.yml,Error,"could not determine a constructor for the tag 'tag:yaml.org,2002:python/tuple'
  in ""cloned_repos\GP_AF_SCF\dags\talend_exit\SCF\workflows\scf.scf_mje_execution_plan.yml"", line 20, column 15"
GP_AF_SCF,scf_btp_SCF360_StdCost_Box_Ingestion_fx_rates.yml,cloned_repos\GP_AF_SCF\dags\talend_exit\SCF\workflows\scf_btp_SCF360_StdCost_Box_Ingestion_fx_rates.yml,Non-Compliant,No interval scheduled for this job
GP_AF_SCF,scf_EDL_btp_scf360_open_po_details_sox_edl2.yml,cloned_repos\GP_AF_SCF\dags\talend_exit\SCF\workflows\scf_EDL_btp_scf360_open_po_details_sox_edl2.yml,Non-Compliant,No interval scheduled for this job
GP_AF_SCF,scf_edl_outgestion_scf_to_gears_mysql_mje_out_EDL2.yml,cloned_repos\GP_AF_SCF\dags\talend_exit\SCF\workflows\scf_edl_outgestion_scf_to_gears_mysql_mje_out_EDL2.yml,Non-Compliant,No interval scheduled for this job
GP_AF_SCF,scf_edl_outgestion_scf_to_gears_mysql_po_out_EDL2.yml,cloned_repos\GP_AF_SCF\dags\talend_exit\SCF\workflows\scf_edl_outgestion_scf_to_gears_mysql_po_out_EDL2.yml,Compliant,
GP_AF_SCF,scf_edl_outgestion_scf_to_gears_mysql_pr_out_EDL2.yml,cloned_repos\GP_AF_SCF\dags\talend_exit\SCF\workflows\scf_edl_outgestion_scf_to_gears_mysql_pr_out_EDL2.yml,Compliant,
GP_AF_SCF,scf_EDL_SCF_goods_receipt_otl_ing_aws2gp.yml,cloned_repos\GP_AF_SCF\dags\talend_exit\SCF\workflows\scf_EDL_SCF_goods_receipt_otl_ing_aws2gp.yml,Non-Compliant,No interval scheduled for this job
GP_AF_SCF,scf_EDL_SCF_master_data_ing_box2gp_daily.yml,cloned_repos\GP_AF_SCF\dags\talend_exit\SCF\workflows\scf_EDL_SCF_master_data_ing_box2gp_daily.yml,Compliant,
GP_AF_SCF,scf_EDL_SCF_master_data_ing_box2gp_montly.yml,cloned_repos\GP_AF_SCF\dags\talend_exit\SCF\workflows\scf_EDL_SCF_master_data_ing_box2gp_montly.yml,Compliant,
GP_AF_SCF,scf_jb_fn_scf_capex_mje_psot.yml,cloned_repos\GP_AF_SCF\dags\talend_exit\SCF\workflows\scf_jb_fn_scf_capex_mje_psot.yml,Error,"could not determine a constructor for the tag 'tag:yaml.org,2002:python/tuple'
  in ""cloned_repos\GP_AF_SCF\dags\talend_exit\SCF\workflows\scf_jb_fn_scf_capex_mje_psot.yml"", line 21, column 15"
GP_AF_SCF,scf_jb_fn_scf_capex_zeal_mje_psot.yml,cloned_repos\GP_AF_SCF\dags\talend_exit\SCF\workflows\scf_jb_fn_scf_capex_zeal_mje_psot.yml,Error,"could not determine a constructor for the tag 'tag:yaml.org,2002:python/tuple'
  in ""cloned_repos\GP_AF_SCF\dags\talend_exit\SCF\workflows\scf_jb_fn_scf_capex_zeal_mje_psot.yml"", line 21, column 15"
GP_AF_SCF,scf_jb_fn_scf_gears_ap_po_linkage_psot.yml,cloned_repos\GP_AF_SCF\dags\talend_exit\SCF\workflows\scf_jb_fn_scf_gears_ap_po_linkage_psot.yml,Error,"could not determine a constructor for the tag 'tag:yaml.org,2002:python/tuple'
  in ""cloned_repos\GP_AF_SCF\dags\talend_exit\SCF\workflows\scf_jb_fn_scf_gears_ap_po_linkage_psot.yml"", line 24, column 15"
GP_AF_SCF,scf_jb_fn_scf_gears_mje_psot.yml,cloned_repos\GP_AF_SCF\dags\talend_exit\SCF\workflows\scf_jb_fn_scf_gears_mje_psot.yml,Error,"could not determine a constructor for the tag 'tag:yaml.org,2002:python/tuple'
  in ""cloned_repos\GP_AF_SCF\dags\talend_exit\SCF\workflows\scf_jb_fn_scf_gears_mje_psot.yml"", line 21, column 15"
GP_AF_SCF,scf_jb_scf_ageing_data_csot_ctrl.yml,cloned_repos\GP_AF_SCF\dags\talend_exit\SCF\workflows\scf_jb_scf_ageing_data_csot_ctrl.yml,Error,"could not determine a constructor for the tag 'tag:yaml.org,2002:python/tuple'
  in ""cloned_repos\GP_AF_SCF\dags\talend_exit\SCF\workflows\scf_jb_scf_ageing_data_csot_ctrl.yml"", line 22, column 15"
GP_AF_SCF,scf_jb_scf_co_object_pc_and_cust_pmx_prl.yml,cloned_repos\GP_AF_SCF\dags\talend_exit\SCF\workflows\scf_jb_scf_co_object_pc_and_cust_pmx_prl.yml,Error,"could not determine a constructor for the tag 'tag:yaml.org,2002:python/tuple'
  in ""cloned_repos\GP_AF_SCF\dags\talend_exit\SCF\workflows\scf_jb_scf_co_object_pc_and_cust_pmx_prl.yml"", line 22, column 15"
GP_AF_SCF,scf_jb_scf_csot_ageing_data_prl.yml,cloned_repos\GP_AF_SCF\dags\talend_exit\SCF\workflows\scf_jb_scf_csot_ageing_data_prl.yml,Error,"could not determine a constructor for the tag 'tag:yaml.org,2002:python/tuple'
  in ""cloned_repos\GP_AF_SCF\dags\talend_exit\SCF\workflows\scf_jb_scf_csot_ageing_data_prl.yml"", line 22, column 15"
GP_AF_SCF,scf_jb_scf_csot_base_ageing_data_prl.yml,cloned_repos\GP_AF_SCF\dags\talend_exit\SCF\workflows\scf_jb_scf_csot_base_ageing_data_prl.yml,Error,"could not determine a constructor for the tag 'tag:yaml.org,2002:python/tuple'
  in ""cloned_repos\GP_AF_SCF\dags\talend_exit\SCF\workflows\scf_jb_scf_csot_base_ageing_data_prl.yml"", line 22, column 15"
GP_AF_SCF,scf_jb_scf_csot_calculate_on_hand_reserve_prl.yml,cloned_repos\GP_AF_SCF\dags\talend_exit\SCF\workflows\scf_jb_scf_csot_calculate_on_hand_reserve_prl.yml,Error,"could not determine a constructor for the tag 'tag:yaml.org,2002:python/tuple'
  in ""cloned_repos\GP_AF_SCF\dags\talend_exit\SCF\workflows\scf_jb_scf_csot_calculate_on_hand_reserve_prl.yml"", line 22, column 15"
GP_AF_SCF,scf_jb_scf_csot_calculate_production_wip_reserve_prl.yml,cloned_repos\GP_AF_SCF\dags\talend_exit\SCF\workflows\scf_jb_scf_csot_calculate_production_wip_reserve_prl.yml,Error,"could not determine a constructor for the tag 'tag:yaml.org,2002:python/tuple'
  in ""cloned_repos\GP_AF_SCF\dags\talend_exit\SCF\workflows\scf_jb_scf_csot_calculate_production_wip_reserve_prl.yml"", line 22, column 15"
GP_AF_SCF,scf_jb_scf_csot_characteristics_prl.yml,cloned_repos\GP_AF_SCF\dags\talend_exit\SCF\workflows\scf_jb_scf_csot_characteristics_prl.yml,Error,"could not determine a constructor for the tag 'tag:yaml.org,2002:python/tuple'
  in ""cloned_repos\GP_AF_SCF\dags\talend_exit\SCF\workflows\scf_jb_scf_csot_characteristics_prl.yml"", line 22, column 15"
GP_AF_SCF,scf_jb_scf_csot_demand_data_prl.yml,cloned_repos\GP_AF_SCF\dags\talend_exit\SCF\workflows\scf_jb_scf_csot_demand_data_prl.yml,Error,"could not determine a constructor for the tag 'tag:yaml.org,2002:python/tuple'
  in ""cloned_repos\GP_AF_SCF\dags\talend_exit\SCF\workflows\scf_jb_scf_csot_demand_data_prl.yml"", line 22, column 15"
GP_AF_SCF,scf_jb_scf_csot_excess_inventory_prl.yml,cloned_repos\GP_AF_SCF\dags\talend_exit\SCF\workflows\scf_jb_scf_csot_excess_inventory_prl.yml,Error,"could not determine a constructor for the tag 'tag:yaml.org,2002:python/tuple'
  in ""cloned_repos\GP_AF_SCF\dags\talend_exit\SCF\workflows\scf_jb_scf_csot_excess_inventory_prl.yml"", line 22, column 15"
GP_AF_SCF,scf_jb_scf_csot_goods_receipts_otl.yml,cloned_repos\GP_AF_SCF\dags\talend_exit\SCF\workflows\scf_jb_scf_csot_goods_receipts_otl.yml,Error,"could not determine a constructor for the tag 'tag:yaml.org,2002:python/tuple'
  in ""cloned_repos\GP_AF_SCF\dags\talend_exit\SCF\workflows\scf_jb_scf_csot_goods_receipts_otl.yml"", line 22, column 15"
GP_AF_SCF,scf_jb_scf_csot_goods_receipts_otl_prl.yml,cloned_repos\GP_AF_SCF\dags\talend_exit\SCF\workflows\scf_jb_scf_csot_goods_receipts_otl_prl.yml,Error,"could not determine a constructor for the tag 'tag:yaml.org,2002:python/tuple'
  in ""cloned_repos\GP_AF_SCF\dags\talend_exit\SCF\workflows\scf_jb_scf_csot_goods_receipts_otl_prl.yml"", line 22, column 15"
GP_AF_SCF,scf_jb_scf_csot_goods_receipts_prl.yml,cloned_repos\GP_AF_SCF\dags\talend_exit\SCF\workflows\scf_jb_scf_csot_goods_receipts_prl.yml,Error,"could not determine a constructor for the tag 'tag:yaml.org,2002:python/tuple'
  in ""cloned_repos\GP_AF_SCF\dags\talend_exit\SCF\workflows\scf_jb_scf_csot_goods_receipts_prl.yml"", line 22, column 15"
GP_AF_SCF,scf_jb_scf_csot_onhand_inventory_prl.yml,cloned_repos\GP_AF_SCF\dags\talend_exit\SCF\workflows\scf_jb_scf_csot_onhand_inventory_prl.yml,Error,"could not determine a constructor for the tag 'tag:yaml.org,2002:python/tuple'
  in ""cloned_repos\GP_AF_SCF\dags\talend_exit\SCF\workflows\scf_jb_scf_csot_onhand_inventory_prl.yml"", line 22, column 15"
GP_AF_SCF,scf_jb_scf_csot_project_wip_prl.yml,cloned_repos\GP_AF_SCF\dags\talend_exit\SCF\workflows\scf_jb_scf_csot_project_wip_prl.yml,Error,"could not determine a constructor for the tag 'tag:yaml.org,2002:python/tuple'
  in ""cloned_repos\GP_AF_SCF\dags\talend_exit\SCF\workflows\scf_jb_scf_csot_project_wip_prl.yml"", line 22, column 15"
GP_AF_SCF,scf_jb_scf_csot_quaterly_estimation_prl.yml,cloned_repos\GP_AF_SCF\dags\talend_exit\SCF\workflows\scf_jb_scf_csot_quaterly_estimation_prl.yml,Error,"could not determine a constructor for the tag 'tag:yaml.org,2002:python/tuple'
  in ""cloned_repos\GP_AF_SCF\dags\talend_exit\SCF\workflows\scf_jb_scf_csot_quaterly_estimation_prl.yml"", line 22, column 15"
GP_AF_SCF,scf_jb_scf_csot_remaining_ageing_data_prl.yml,cloned_repos\GP_AF_SCF\dags\talend_exit\SCF\workflows\scf_jb_scf_csot_remaining_ageing_data_prl.yml,Error,"could not determine a constructor for the tag 'tag:yaml.org,2002:python/tuple'
  in ""cloned_repos\GP_AF_SCF\dags\talend_exit\SCF\workflows\scf_jb_scf_csot_remaining_ageing_data_prl.yml"", line 22, column 15"
GP_AF_SCF,scf_jb_scf_demand_alpha_prl.yml,cloned_repos\GP_AF_SCF\dags\talend_exit\SCF\workflows\scf_jb_scf_demand_alpha_prl.yml,Error,"could not determine a constructor for the tag 'tag:yaml.org,2002:python/tuple'
  in ""cloned_repos\GP_AF_SCF\dags\talend_exit\SCF\workflows\scf_jb_scf_demand_alpha_prl.yml"", line 22, column 15"
GP_AF_SCF,scf_jb_scf_demand_baan_prl.yml,cloned_repos\GP_AF_SCF\dags\talend_exit\SCF\workflows\scf_jb_scf_demand_baan_prl.yml,Error,"could not determine a constructor for the tag 'tag:yaml.org,2002:python/tuple'
  in ""cloned_repos\GP_AF_SCF\dags\talend_exit\SCF\workflows\scf_jb_scf_demand_baan_prl.yml"", line 22, column 15"
GP_AF_SCF,scf_jb_scf_demand_bulk_pmx_prl.yml,cloned_repos\GP_AF_SCF\dags\talend_exit\SCF\workflows\scf_jb_scf_demand_bulk_pmx_prl.yml,Error,"could not determine a constructor for the tag 'tag:yaml.org,2002:python/tuple'
  in ""cloned_repos\GP_AF_SCF\dags\talend_exit\SCF\workflows\scf_jb_scf_demand_bulk_pmx_prl.yml"", line 22, column 15"
GP_AF_SCF,scf_jb_scf_demand_data_csot_ctrl.yml,cloned_repos\GP_AF_SCF\dags\talend_exit\SCF\workflows\scf_jb_scf_demand_data_csot_ctrl.yml,Error,"could not determine a constructor for the tag 'tag:yaml.org,2002:python/tuple'
  in ""cloned_repos\GP_AF_SCF\dags\talend_exit\SCF\workflows\scf_jb_scf_demand_data_csot_ctrl.yml"", line 22, column 15"
GP_AF_SCF,scf_jb_scf_demand_pmx_prl.yml,cloned_repos\GP_AF_SCF\dags\talend_exit\SCF\workflows\scf_jb_scf_demand_pmx_prl.yml,Error,"could not determine a constructor for the tag 'tag:yaml.org,2002:python/tuple'
  in ""cloned_repos\GP_AF_SCF\dags\talend_exit\SCF\workflows\scf_jb_scf_demand_pmx_prl.yml"", line 22, column 15"
GP_AF_SCF,scf_jb_scf_demand_zeal_prl.yml,cloned_repos\GP_AF_SCF\dags\talend_exit\SCF\workflows\scf_jb_scf_demand_zeal_prl.yml,Error,"could not determine a constructor for the tag 'tag:yaml.org,2002:python/tuple'
  in ""cloned_repos\GP_AF_SCF\dags\talend_exit\SCF\workflows\scf_jb_scf_demand_zeal_prl.yml"", line 22, column 15"
GP_AF_SCF,scf_jb_scf_fifo_wip_mov_zeal_prl.yml,cloned_repos\GP_AF_SCF\dags\talend_exit\SCF\workflows\scf_jb_scf_fifo_wip_mov_zeal_prl.yml,Error,"could not determine a constructor for the tag 'tag:yaml.org,2002:python/tuple'
  in ""cloned_repos\GP_AF_SCF\dags\talend_exit\SCF\workflows\scf_jb_scf_fifo_wip_mov_zeal_prl.yml"", line 22, column 15"
GP_AF_SCF,scf_jb_scf_fifo_wip_prodhrs_zeal_prl.yml,cloned_repos\GP_AF_SCF\dags\talend_exit\SCF\workflows\scf_jb_scf_fifo_wip_prodhrs_zeal_prl.yml,Error,"could not determine a constructor for the tag 'tag:yaml.org,2002:python/tuple'
  in ""cloned_repos\GP_AF_SCF\dags\talend_exit\SCF\workflows\scf_jb_scf_fifo_wip_prodhrs_zeal_prl.yml"", line 22, column 15"
GP_AF_SCF,scf_jb_scf_fifo_wip_zeal_prl.yml,cloned_repos\GP_AF_SCF\dags\talend_exit\SCF\workflows\scf_jb_scf_fifo_wip_zeal_prl.yml,Error,"could not determine a constructor for the tag 'tag:yaml.org,2002:python/tuple'
  in ""cloned_repos\GP_AF_SCF\dags\talend_exit\SCF\workflows\scf_jb_scf_fifo_wip_zeal_prl.yml"", line 22, column 15"
GP_AF_SCF,scf_jb_scf_free_po_quantities_prl.yml,cloned_repos\GP_AF_SCF\dags\talend_exit\SCF\workflows\scf_jb_scf_free_po_quantities_prl.yml,Error,"could not determine a constructor for the tag 'tag:yaml.org,2002:python/tuple'
  in ""cloned_repos\GP_AF_SCF\dags\talend_exit\SCF\workflows\scf_jb_scf_free_po_quantities_prl.yml"", line 22, column 15"
GP_AF_SCF,scf_jb_scf_grs_historical_usage_pmx_prl.yml,cloned_repos\GP_AF_SCF\dags\talend_exit\SCF\workflows\scf_jb_scf_grs_historical_usage_pmx_prl.yml,Error,"could not determine a constructor for the tag 'tag:yaml.org,2002:python/tuple'
  in ""cloned_repos\GP_AF_SCF\dags\talend_exit\SCF\workflows\scf_jb_scf_grs_historical_usage_pmx_prl.yml"", line 22, column 15"
GP_AF_SCF,scf_jb_scf_income_stmts_hierarchy_pmx_prl.yml,cloned_repos\GP_AF_SCF\dags\talend_exit\SCF\workflows\scf_jb_scf_income_stmts_hierarchy_pmx_prl.yml,Error,"could not determine a constructor for the tag 'tag:yaml.org,2002:python/tuple'
  in ""cloned_repos\GP_AF_SCF\dags\talend_exit\SCF\workflows\scf_jb_scf_income_stmts_hierarchy_pmx_prl.yml"", line 22, column 15"
GP_AF_SCF,scf_jb_scf_income_stmts_pmx_prl.yml,cloned_repos\GP_AF_SCF\dags\talend_exit\SCF\workflows\scf_jb_scf_income_stmts_pmx_prl.yml,Error,"could not determine a constructor for the tag 'tag:yaml.org,2002:python/tuple'
  in ""cloned_repos\GP_AF_SCF\dags\talend_exit\SCF\workflows\scf_jb_scf_income_stmts_pmx_prl.yml"", line 22, column 15"
GP_AF_SCF,scf_jb_scf_items_alpha_prl.yml,cloned_repos\GP_AF_SCF\dags\talend_exit\SCF\workflows\scf_jb_scf_items_alpha_prl.yml,Error,"could not determine a constructor for the tag 'tag:yaml.org,2002:python/tuple'
  in ""cloned_repos\GP_AF_SCF\dags\talend_exit\SCF\workflows\scf_jb_scf_items_alpha_prl.yml"", line 22, column 15"
GP_AF_SCF,scf_jb_scf_material_movements_alpha_prl.yml,cloned_repos\GP_AF_SCF\dags\talend_exit\SCF\workflows\scf_jb_scf_material_movements_alpha_prl.yml,Error,"could not determine a constructor for the tag 'tag:yaml.org,2002:python/tuple'
  in ""cloned_repos\GP_AF_SCF\dags\talend_exit\SCF\workflows\scf_jb_scf_material_movements_alpha_prl.yml"", line 22, column 15"
GP_AF_SCF,scf_jb_scf_material_movements_baan_prl.yml,cloned_repos\GP_AF_SCF\dags\talend_exit\SCF\workflows\scf_jb_scf_material_movements_baan_prl.yml,Error,"could not determine a constructor for the tag 'tag:yaml.org,2002:python/tuple'
  in ""cloned_repos\GP_AF_SCF\dags\talend_exit\SCF\workflows\scf_jb_scf_material_movements_baan_prl.yml"", line 22, column 15"
GP_AF_SCF,scf_jb_scf_material_movements_pmx_prl.yml,cloned_repos\GP_AF_SCF\dags\talend_exit\SCF\workflows\scf_jb_scf_material_movements_pmx_prl.yml,Error,"could not determine a constructor for the tag 'tag:yaml.org,2002:python/tuple'
  in ""cloned_repos\GP_AF_SCF\dags\talend_exit\SCF\workflows\scf_jb_scf_material_movements_pmx_prl.yml"", line 22, column 15"
GP_AF_SCF,scf_jb_scf_material_movements_zeal_prl.yml,cloned_repos\GP_AF_SCF\dags\talend_exit\SCF\workflows\scf_jb_scf_material_movements_zeal_prl.yml,Error,"could not determine a constructor for the tag 'tag:yaml.org,2002:python/tuple'
  in ""cloned_repos\GP_AF_SCF\dags\talend_exit\SCF\workflows\scf_jb_scf_material_movements_zeal_prl.yml"", line 22, column 15"
GP_AF_SCF,scf_jb_scf_onhand_inventory_alpha_prl.yml,cloned_repos\GP_AF_SCF\dags\talend_exit\SCF\workflows\scf_jb_scf_onhand_inventory_alpha_prl.yml,Error,"could not determine a constructor for the tag 'tag:yaml.org,2002:python/tuple'
  in ""cloned_repos\GP_AF_SCF\dags\talend_exit\SCF\workflows\scf_jb_scf_onhand_inventory_alpha_prl.yml"", line 22, column 15"
GP_AF_SCF,scf_jb_scf_onhand_inventory_baan_prl.yml,cloned_repos\GP_AF_SCF\dags\talend_exit\SCF\workflows\scf_jb_scf_onhand_inventory_baan_prl.yml,Error,"could not determine a constructor for the tag 'tag:yaml.org,2002:python/tuple'
  in ""cloned_repos\GP_AF_SCF\dags\talend_exit\SCF\workflows\scf_jb_scf_onhand_inventory_baan_prl.yml"", line 22, column 15"
GP_AF_SCF,scf_jb_scf_onhand_inventory_pmx_details_prl.yml,cloned_repos\GP_AF_SCF\dags\talend_exit\SCF\workflows\scf_jb_scf_onhand_inventory_pmx_details_prl.yml,Error,"could not determine a constructor for the tag 'tag:yaml.org,2002:python/tuple'
  in ""cloned_repos\GP_AF_SCF\dags\talend_exit\SCF\workflows\scf_jb_scf_onhand_inventory_pmx_details_prl.yml"", line 21, column 15"
GP_AF_SCF,scf_jb_scf_onhand_inventory_pmx_prl.yml,cloned_repos\GP_AF_SCF\dags\talend_exit\SCF\workflows\scf_jb_scf_onhand_inventory_pmx_prl.yml,Error,"could not determine a constructor for the tag 'tag:yaml.org,2002:python/tuple'
  in ""cloned_repos\GP_AF_SCF\dags\talend_exit\SCF\workflows\scf_jb_scf_onhand_inventory_pmx_prl.yml"", line 22, column 15"
GP_AF_SCF,scf_jb_scf_onhand_inventory_repairs_prl.yml,cloned_repos\GP_AF_SCF\dags\talend_exit\SCF\workflows\scf_jb_scf_onhand_inventory_repairs_prl.yml,Error,"could not determine a constructor for the tag 'tag:yaml.org,2002:python/tuple'
  in ""cloned_repos\GP_AF_SCF\dags\talend_exit\SCF\workflows\scf_jb_scf_onhand_inventory_repairs_prl.yml"", line 22, column 15"
GP_AF_SCF,scf_jb_scf_onhand_inventory_zeal_details_prl.yml,cloned_repos\GP_AF_SCF\dags\talend_exit\SCF\workflows\scf_jb_scf_onhand_inventory_zeal_details_prl.yml,Error,"could not determine a constructor for the tag 'tag:yaml.org,2002:python/tuple'
  in ""cloned_repos\GP_AF_SCF\dags\talend_exit\SCF\workflows\scf_jb_scf_onhand_inventory_zeal_details_prl.yml"", line 21, column 15"
GP_AF_SCF,scf_jb_scf_onhand_inventory_zeal_prl.yml,cloned_repos\GP_AF_SCF\dags\talend_exit\SCF\workflows\scf_jb_scf_onhand_inventory_zeal_prl.yml,Error,"could not determine a constructor for the tag 'tag:yaml.org,2002:python/tuple'
  in ""cloned_repos\GP_AF_SCF\dags\talend_exit\SCF\workflows\scf_jb_scf_onhand_inventory_zeal_prl.yml"", line 22, column 15"
GP_AF_SCF,scf_jb_scf_plm_obsoletes_prl.yml,cloned_repos\GP_AF_SCF\dags\talend_exit\SCF\workflows\scf_jb_scf_plm_obsoletes_prl.yml,Error,"could not determine a constructor for the tag 'tag:yaml.org,2002:python/tuple'
  in ""cloned_repos\GP_AF_SCF\dags\talend_exit\SCF\workflows\scf_jb_scf_plm_obsoletes_prl.yml"", line 22, column 15"
GP_AF_SCF,scf_jb_scf_production_wip_baan_prl.yml,cloned_repos\GP_AF_SCF\dags\talend_exit\SCF\workflows\scf_jb_scf_production_wip_baan_prl.yml,Error,"could not determine a constructor for the tag 'tag:yaml.org,2002:python/tuple'
  in ""cloned_repos\GP_AF_SCF\dags\talend_exit\SCF\workflows\scf_jb_scf_production_wip_baan_prl.yml"", line 22, column 15"
GP_AF_SCF,scf_jb_scf_production_wip_csot_ctrl.yml,cloned_repos\GP_AF_SCF\dags\talend_exit\SCF\workflows\scf_jb_scf_production_wip_csot_ctrl.yml,Error,"could not determine a constructor for the tag 'tag:yaml.org,2002:python/tuple'
  in ""cloned_repos\GP_AF_SCF\dags\talend_exit\SCF\workflows\scf_jb_scf_production_wip_csot_ctrl.yml"", line 22, column 15"
GP_AF_SCF,scf_jb_scf_production_wip_csot_prl.yml,cloned_repos\GP_AF_SCF\dags\talend_exit\SCF\workflows\scf_jb_scf_production_wip_csot_prl.yml,Error,"could not determine a constructor for the tag 'tag:yaml.org,2002:python/tuple'
  in ""cloned_repos\GP_AF_SCF\dags\talend_exit\SCF\workflows\scf_jb_scf_production_wip_csot_prl.yml"", line 22, column 15"
GP_AF_SCF,scf_jb_scf_production_wip_pmx_prl.yml,cloned_repos\GP_AF_SCF\dags\talend_exit\SCF\workflows\scf_jb_scf_production_wip_pmx_prl.yml,Error,"could not determine a constructor for the tag 'tag:yaml.org,2002:python/tuple'
  in ""cloned_repos\GP_AF_SCF\dags\talend_exit\SCF\workflows\scf_jb_scf_production_wip_pmx_prl.yml"", line 22, column 15"
GP_AF_SCF,scf_jb_scf_production_wip_zeal_prl.yml,cloned_repos\GP_AF_SCF\dags\talend_exit\SCF\workflows\scf_jb_scf_production_wip_zeal_prl.yml,Error,"could not determine a constructor for the tag 'tag:yaml.org,2002:python/tuple'
  in ""cloned_repos\GP_AF_SCF\dags\talend_exit\SCF\workflows\scf_jb_scf_production_wip_zeal_prl.yml"", line 22, column 15"
GP_AF_SCF,scf_jb_scf_project_wip_baan_prl.yml,cloned_repos\GP_AF_SCF\dags\talend_exit\SCF\workflows\scf_jb_scf_project_wip_baan_prl.yml,Error,"could not determine a constructor for the tag 'tag:yaml.org,2002:python/tuple'
  in ""cloned_repos\GP_AF_SCF\dags\talend_exit\SCF\workflows\scf_jb_scf_project_wip_baan_prl.yml"", line 22, column 15"
GP_AF_SCF,scf_jb_scf_project_wip_pmx_prl.yml,cloned_repos\GP_AF_SCF\dags\talend_exit\SCF\workflows\scf_jb_scf_project_wip_pmx_prl.yml,Error,"could not determine a constructor for the tag 'tag:yaml.org,2002:python/tuple'
  in ""cloned_repos\GP_AF_SCF\dags\talend_exit\SCF\workflows\scf_jb_scf_project_wip_pmx_prl.yml"", line 22, column 15"
GP_AF_SCF,scf_jb_scf_rop_materials_baan_prl.yml,cloned_repos\GP_AF_SCF\dags\talend_exit\SCF\workflows\scf_jb_scf_rop_materials_baan_prl.yml,Error,"could not determine a constructor for the tag 'tag:yaml.org,2002:python/tuple'
  in ""cloned_repos\GP_AF_SCF\dags\talend_exit\SCF\workflows\scf_jb_scf_rop_materials_baan_prl.yml"", line 22, column 15"
GP_AF_SCF,scf_jb_scf_rop_materials_zeal_prl.yml,cloned_repos\GP_AF_SCF\dags\talend_exit\SCF\workflows\scf_jb_scf_rop_materials_zeal_prl.yml,Error,"could not determine a constructor for the tag 'tag:yaml.org,2002:python/tuple'
  in ""cloned_repos\GP_AF_SCF\dags\talend_exit\SCF\workflows\scf_jb_scf_rop_materials_zeal_prl.yml"", line 22, column 15"
GP_AF_SCF,scf_jb_scf_saprepairs_movements_consumption_prl.yml,cloned_repos\GP_AF_SCF\dags\talend_exit\SCF\workflows\scf_jb_scf_saprepairs_movements_consumption_prl.yml,Error,"could not determine a constructor for the tag 'tag:yaml.org,2002:python/tuple'
  in ""cloned_repos\GP_AF_SCF\dags\talend_exit\SCF\workflows\scf_jb_scf_saprepairs_movements_consumption_prl.yml"", line 22, column 15"
GP_AF_SCF,scf_jb_scf_smi_data_csot_ctrl.yml,cloned_repos\GP_AF_SCF\dags\talend_exit\SCF\workflows\scf_jb_scf_smi_data_csot_ctrl.yml,Error,"could not determine a constructor for the tag 'tag:yaml.org,2002:python/tuple'
  in ""cloned_repos\GP_AF_SCF\dags\talend_exit\SCF\workflows\scf_jb_scf_smi_data_csot_ctrl.yml"", line 22, column 15"
GP_AF_SCF,scf_jb_scf_smi_data_project_wip_csot_ctrl.yml,cloned_repos\GP_AF_SCF\dags\talend_exit\SCF\workflows\scf_jb_scf_smi_data_project_wip_csot_ctrl.yml,Error,"could not determine a constructor for the tag 'tag:yaml.org,2002:python/tuple'
  in ""cloned_repos\GP_AF_SCF\dags\talend_exit\SCF\workflows\scf_jb_scf_smi_data_project_wip_csot_ctrl.yml"", line 22, column 15"
GP_AF_SCF,scf_jb_scf_sot_frames_prl.yml,cloned_repos\GP_AF_SCF\dags\talend_exit\SCF\workflows\scf_jb_scf_sot_frames_prl.yml,Error,"could not determine a constructor for the tag 'tag:yaml.org,2002:python/tuple'
  in ""cloned_repos\GP_AF_SCF\dags\talend_exit\SCF\workflows\scf_jb_scf_sot_frames_prl.yml"", line 22, column 15"
GP_AF_SCF,scf_jb_scf_unique_profit_center_areas_prl.yml,cloned_repos\GP_AF_SCF\dags\talend_exit\SCF\workflows\scf_jb_scf_unique_profit_center_areas_prl.yml,Error,"could not determine a constructor for the tag 'tag:yaml.org,2002:python/tuple'
  in ""cloned_repos\GP_AF_SCF\dags\talend_exit\SCF\workflows\scf_jb_scf_unique_profit_center_areas_prl.yml"", line 22, column 15"
GP_AF_SCF,scf_jb_scf_zeal_production_wip_movements_prl.yml,cloned_repos\GP_AF_SCF\dags\talend_exit\SCF\workflows\scf_jb_scf_zeal_production_wip_movements_prl.yml,Error,"could not determine a constructor for the tag 'tag:yaml.org,2002:python/tuple'
  in ""cloned_repos\GP_AF_SCF\dags\talend_exit\SCF\workflows\scf_jb_scf_zeal_production_wip_movements_prl.yml"", line 22, column 15"
GP_AF_SCF,scf_scf_smi_execution_plan_ctrl.yml,cloned_repos\GP_AF_SCF\dags\talend_exit\SCF\workflows\scf_scf_smi_execution_plan_ctrl.yml,Non-Compliant,No interval scheduled for this job
GP_AF_SCF,scf_SCF_SMI_execution_plan_prl.yml,cloned_repos\GP_AF_SCF\dags\talend_exit\SCF\workflows\scf_SCF_SMI_execution_plan_prl.yml,Error,"could not determine a constructor for the tag 'tag:yaml.org,2002:python/tuple'
  in ""cloned_repos\GP_AF_SCF\dags\talend_exit\SCF\workflows\scf_SCF_SMI_execution_plan_prl.yml"", line 200, column 15"
GP_AF_SCF,scf_scf_master_data_ingestion_box2gp_DBR.yml,cloned_repos\GP_AF_SCF\dags\talend_exit\SCF\workflows\EDL_DBR_Phase3\scf_scf_master_data_ingestion_box2gp_DBR.yml,Non-Compliant,No interval scheduled for this job
GP_AF_SCF,scf_scf_master_data_ingestion_box2gp_monthly_DBR.yml,cloned_repos\GP_AF_SCF\dags\talend_exit\SCF\workflows\EDL_DBR_Phase3\scf_scf_master_data_ingestion_box2gp_monthly_DBR.yml,Non-Compliant,No interval scheduled for this job
GP_AF_SCF,scf_EDL_SCF_ageing_data_csot_outbound.yml,cloned_repos\GP_AF_SCF\dags\talend_exit\SCF\workflows\SCF_SMI_execution_plan\scf_EDL_SCF_ageing_data_csot_outbound.yml,Non-Compliant,No interval scheduled for this job
GP_AF_SCF,scf_EDL_SCF_demand_alpha_outbound.yml,cloned_repos\GP_AF_SCF\dags\talend_exit\SCF\workflows\SCF_SMI_execution_plan\scf_EDL_SCF_demand_alpha_outbound.yml,Non-Compliant,No interval scheduled for this job
GP_AF_SCF,scf_EDL_SCF_demand_baan_outbound.yml,cloned_repos\GP_AF_SCF\dags\talend_exit\SCF\workflows\SCF_SMI_execution_plan\scf_EDL_SCF_demand_baan_outbound.yml,Non-Compliant,No interval scheduled for this job
GP_AF_SCF,scf_EDL_SCF_demand_data_csot_outbound.yml,cloned_repos\GP_AF_SCF\dags\talend_exit\SCF\workflows\SCF_SMI_execution_plan\scf_EDL_SCF_demand_data_csot_outbound.yml,Non-Compliant,No interval scheduled for this job
GP_AF_SCF,scf_EDL_SCF_demand_pmx_outbound.yml,cloned_repos\GP_AF_SCF\dags\talend_exit\SCF\workflows\SCF_SMI_execution_plan\scf_EDL_SCF_demand_pmx_outbound.yml,Non-Compliant,No interval scheduled for this job
GP_AF_SCF,scf_EDL_SCF_demand_zeal_outbound.yml,cloned_repos\GP_AF_SCF\dags\talend_exit\SCF\workflows\SCF_SMI_execution_plan\scf_EDL_SCF_demand_zeal_outbound.yml,Non-Compliant,No interval scheduled for this job
GP_AF_SCF,scf_EDL_SCF_fifo_pmx_coep_outbound.yml,cloned_repos\GP_AF_SCF\dags\talend_exit\SCF\workflows\SCF_SMI_execution_plan\scf_EDL_SCF_fifo_pmx_coep_outbound.yml,Non-Compliant,No interval scheduled for this job
GP_AF_SCF,scf_EDL_SCF_fifo_pmx_prodorder_hrs_outbound.yml,cloned_repos\GP_AF_SCF\dags\talend_exit\SCF\workflows\SCF_SMI_execution_plan\scf_EDL_SCF_fifo_pmx_prodorder_hrs_outbound.yml,Non-Compliant,No interval scheduled for this job
GP_AF_SCF,scf_EDL_SCF_fifo_pmx_prodorder_mmt_outbound.yml,cloned_repos\GP_AF_SCF\dags\talend_exit\SCF\workflows\SCF_SMI_execution_plan\scf_EDL_SCF_fifo_pmx_prodorder_mmt_outbound.yml,Non-Compliant,No interval scheduled for this job
GP_AF_SCF,scf_EDL_SCF_fifo_pmx_prod_order_outbound.yml,cloned_repos\GP_AF_SCF\dags\talend_exit\SCF\workflows\SCF_SMI_execution_plan\scf_EDL_SCF_fifo_pmx_prod_order_outbound.yml,Non-Compliant,No interval scheduled for this job
GP_AF_SCF,scf_EDL_SCF_fifo_zeal_wip_mov_outbound.yml,cloned_repos\GP_AF_SCF\dags\talend_exit\SCF\workflows\SCF_SMI_execution_plan\scf_EDL_SCF_fifo_zeal_wip_mov_outbound.yml,Non-Compliant,No interval scheduled for this job
GP_AF_SCF,scf_EDL_SCF_fifo_zeal_wip_outbound.yml,cloned_repos\GP_AF_SCF\dags\talend_exit\SCF\workflows\SCF_SMI_execution_plan\scf_EDL_SCF_fifo_zeal_wip_outbound.yml,Non-Compliant,No interval scheduled for this job
GP_AF_SCF,scf_EDL_SCF_fifo_zeal_wip_prodhrs_outbound.yml,cloned_repos\GP_AF_SCF\dags\talend_exit\SCF\workflows\SCF_SMI_execution_plan\scf_EDL_SCF_fifo_zeal_wip_prodhrs_outbound.yml,Non-Compliant,No interval scheduled for this job
GP_AF_SCF,scf_EDL_SCF_free_po_quantities_gr_outbound.yml,cloned_repos\GP_AF_SCF\dags\talend_exit\SCF\workflows\SCF_SMI_execution_plan\scf_EDL_SCF_free_po_quantities_gr_outbound.yml,Non-Compliant,No interval scheduled for this job
GP_AF_SCF,scf_EDL_SCF_free_po_quantities_outbound.yml,cloned_repos\GP_AF_SCF\dags\talend_exit\SCF\workflows\SCF_SMI_execution_plan\scf_EDL_SCF_free_po_quantities_outbound.yml,Non-Compliant,No interval scheduled for this job
GP_AF_SCF,scf_EDL_SCF_goods_receipt_data_csot_outbound.yml,cloned_repos\GP_AF_SCF\dags\talend_exit\SCF\workflows\SCF_SMI_execution_plan\scf_EDL_SCF_goods_receipt_data_csot_outbound.yml,Non-Compliant,No interval scheduled for this job
GP_AF_SCF,scf_EDL_SCF_grs_historical_usage_pmx_outbound.yml,cloned_repos\GP_AF_SCF\dags\talend_exit\SCF\workflows\SCF_SMI_execution_plan\scf_EDL_SCF_grs_historical_usage_pmx_outbound.yml,Non-Compliant,No interval scheduled for this job
GP_AF_SCF,scf_EDL_SCF_items_alpha_outbound.yml,cloned_repos\GP_AF_SCF\dags\talend_exit\SCF\workflows\SCF_SMI_execution_plan\scf_EDL_SCF_items_alpha_outbound.yml,Non-Compliant,No interval scheduled for this job
GP_AF_SCF,scf_EDL_SCF_material_movements_alpha_outbound.yml,cloned_repos\GP_AF_SCF\dags\talend_exit\SCF\workflows\SCF_SMI_execution_plan\scf_EDL_SCF_material_movements_alpha_outbound.yml,Non-Compliant,No interval scheduled for this job
GP_AF_SCF,scf_EDL_SCF_material_movements_baan_outbound.yml,cloned_repos\GP_AF_SCF\dags\talend_exit\SCF\workflows\SCF_SMI_execution_plan\scf_EDL_SCF_material_movements_baan_outbound.yml,Non-Compliant,No interval scheduled for this job
GP_AF_SCF,scf_EDL_SCF_material_movements_pmx_outbound.yml,cloned_repos\GP_AF_SCF\dags\talend_exit\SCF\workflows\SCF_SMI_execution_plan\scf_EDL_SCF_material_movements_pmx_outbound.yml,Non-Compliant,No interval scheduled for this job
GP_AF_SCF,scf_EDL_SCF_material_movements_zeal_outbound.yml,cloned_repos\GP_AF_SCF\dags\talend_exit\SCF\workflows\SCF_SMI_execution_plan\scf_EDL_SCF_material_movements_zeal_outbound.yml,Non-Compliant,No interval scheduled for this job
GP_AF_SCF,scf_EDL_SCF_onhand_inventory_alpha_outbound.yml,cloned_repos\GP_AF_SCF\dags\talend_exit\SCF\workflows\SCF_SMI_execution_plan\scf_EDL_SCF_onhand_inventory_alpha_outbound.yml,Non-Compliant,No interval scheduled for this job
GP_AF_SCF,scf_EDL_SCF_onhand_inventory_baan_outbound.yml,cloned_repos\GP_AF_SCF\dags\talend_exit\SCF\workflows\SCF_SMI_execution_plan\scf_EDL_SCF_onhand_inventory_baan_outbound.yml,Non-Compliant,No interval scheduled for this job
GP_AF_SCF,scf_EDL_SCF_onhand_inventory_pmx_details_outbound.yml,cloned_repos\GP_AF_SCF\dags\talend_exit\SCF\workflows\SCF_SMI_execution_plan\scf_EDL_SCF_onhand_inventory_pmx_details_outbound.yml,Non-Compliant,No interval scheduled for this job
GP_AF_SCF,scf_EDL_SCF_onhand_inventory_pmx_outbound.yml,cloned_repos\GP_AF_SCF\dags\talend_exit\SCF\workflows\SCF_SMI_execution_plan\scf_EDL_SCF_onhand_inventory_pmx_outbound.yml,Non-Compliant,No interval scheduled for this job
GP_AF_SCF,scf_EDL_SCF_onhand_inventory_repairs_outbound.yml,cloned_repos\GP_AF_SCF\dags\talend_exit\SCF\workflows\SCF_SMI_execution_plan\scf_EDL_SCF_onhand_inventory_repairs_outbound.yml,Non-Compliant,No interval scheduled for this job
GP_AF_SCF,scf_EDL_SCF_onhand_inventory_zeal_details_outbound.yml,cloned_repos\GP_AF_SCF\dags\talend_exit\SCF\workflows\SCF_SMI_execution_plan\scf_EDL_SCF_onhand_inventory_zeal_details_outbound.yml,Non-Compliant,No interval scheduled for this job
GP_AF_SCF,scf_EDL_SCF_onhand_inventory_zeal_outbound.yml,cloned_repos\GP_AF_SCF\dags\talend_exit\SCF\workflows\SCF_SMI_execution_plan\scf_EDL_SCF_onhand_inventory_zeal_outbound.yml,Non-Compliant,No interval scheduled for this job
GP_AF_SCF,scf_EDL_SCF_plm_obsoletes_outbound.yml,cloned_repos\GP_AF_SCF\dags\talend_exit\SCF\workflows\SCF_SMI_execution_plan\scf_EDL_SCF_plm_obsoletes_outbound.yml,Non-Compliant,No interval scheduled for this job
GP_AF_SCF,scf_EDL_SCF_production_wip_baan_outbound.yml,cloned_repos\GP_AF_SCF\dags\talend_exit\SCF\workflows\SCF_SMI_execution_plan\scf_EDL_SCF_production_wip_baan_outbound.yml,Non-Compliant,No interval scheduled for this job
GP_AF_SCF,scf_EDL_SCF_production_wip_outbound.yml,cloned_repos\GP_AF_SCF\dags\talend_exit\SCF\workflows\SCF_SMI_execution_plan\scf_EDL_SCF_production_wip_outbound.yml,Non-Compliant,No interval scheduled for this job
GP_AF_SCF,scf_EDL_SCF_production_wip_pmx_outbound.yml,cloned_repos\GP_AF_SCF\dags\talend_exit\SCF\workflows\SCF_SMI_execution_plan\scf_EDL_SCF_production_wip_pmx_outbound.yml,Non-Compliant,No interval scheduled for this job
GP_AF_SCF,scf_EDL_SCF_prod_wip_zeal_outbound.yml,cloned_repos\GP_AF_SCF\dags\talend_exit\SCF\workflows\SCF_SMI_execution_plan\scf_EDL_SCF_prod_wip_zeal_outbound.yml,Non-Compliant,No interval scheduled for this job
GP_AF_SCF,scf_EDL_SCF_project_wip_baan_outbound.yml,cloned_repos\GP_AF_SCF\dags\talend_exit\SCF\workflows\SCF_SMI_execution_plan\scf_EDL_SCF_project_wip_baan_outbound.yml,Non-Compliant,No interval scheduled for this job
GP_AF_SCF,scf_EDL_SCF_project_wip_pmx_outbound.yml,cloned_repos\GP_AF_SCF\dags\talend_exit\SCF\workflows\SCF_SMI_execution_plan\scf_EDL_SCF_project_wip_pmx_outbound.yml,Non-Compliant,No interval scheduled for this job
GP_AF_SCF,scf_EDL_SCF_reporting_periods_outbound.yml,cloned_repos\GP_AF_SCF\dags\talend_exit\SCF\workflows\SCF_SMI_execution_plan\scf_EDL_SCF_reporting_periods_outbound.yml,Non-Compliant,No interval scheduled for this job
GP_AF_SCF,scf_EDL_SCF_rop_materials_baan_outbound.yml,cloned_repos\GP_AF_SCF\dags\talend_exit\SCF\workflows\SCF_SMI_execution_plan\scf_EDL_SCF_rop_materials_baan_outbound.yml,Non-Compliant,No interval scheduled for this job
GP_AF_SCF,scf_EDL_SCF_rop_materials_zeal_outbound.yml,cloned_repos\GP_AF_SCF\dags\talend_exit\SCF\workflows\SCF_SMI_execution_plan\scf_EDL_SCF_rop_materials_zeal_outbound.yml,Non-Compliant,No interval scheduled for this job
GP_AF_SCF,scf_EDL_SCF_saprepairs_consumption_outbound.yml,cloned_repos\GP_AF_SCF\dags\talend_exit\SCF\workflows\SCF_SMI_execution_plan\scf_EDL_SCF_saprepairs_consumption_outbound.yml,Non-Compliant,No interval scheduled for this job
GP_AF_SCF,scf_EDL_SCF_saprepairs_movements_outbound.yml,cloned_repos\GP_AF_SCF\dags\talend_exit\SCF\workflows\SCF_SMI_execution_plan\scf_EDL_SCF_saprepairs_movements_outbound.yml,Non-Compliant,No interval scheduled for this job
GP_AF_SCF,scf_EDL_SCF_smi_data_csot_outbound.yml,cloned_repos\GP_AF_SCF\dags\talend_exit\SCF\workflows\SCF_SMI_execution_plan\scf_EDL_SCF_smi_data_csot_outbound.yml,Non-Compliant,No interval scheduled for this job
GP_AF_SCF,scf_EDL_SCF_smi_data_project_wip_csot_outbound.yml,cloned_repos\GP_AF_SCF\dags\talend_exit\SCF\workflows\SCF_SMI_execution_plan\scf_EDL_SCF_smi_data_project_wip_csot_outbound.yml,Non-Compliant,No interval scheduled for this job
GP_AF_SCF,scf_EDL_SCF_sot_frames_outbound.yml,cloned_repos\GP_AF_SCF\dags\talend_exit\SCF\workflows\SCF_SMI_execution_plan\scf_EDL_SCF_sot_frames_outbound.yml,Non-Compliant,No interval scheduled for this job
GP_AF_SCF,scf_EDL_SCF_unique_profit_center_areas_outbound.yml,cloned_repos\GP_AF_SCF\dags\talend_exit\SCF\workflows\SCF_SMI_execution_plan\scf_EDL_SCF_unique_profit_center_areas_outbound.yml,Non-Compliant,No interval scheduled for this job
GP_AF_SCF,scf_EDL_SCF_zeal_production_wip_movements_outbound.yml,cloned_repos\GP_AF_SCF\dags\talend_exit\SCF\workflows\SCF_SMI_execution_plan\scf_EDL_SCF_zeal_production_wip_movements_outbound.yml,Non-Compliant,No interval scheduled for this job
GP_AF_SCF,scf_jb_scf_co_object_pc_and_cust_pmx.yml,cloned_repos\GP_AF_SCF\dags\talend_exit\SCF\workflows\SCF_SMI_execution_plan\scf_jb_scf_co_object_pc_and_cust_pmx.yml,Error,"could not determine a constructor for the tag 'tag:yaml.org,2002:python/tuple'
  in ""cloned_repos\GP_AF_SCF\dags\talend_exit\SCF\workflows\SCF_SMI_execution_plan\scf_jb_scf_co_object_pc_and_cust_pmx.yml"", line 23, column 15"
GP_AF_SCF,scf_jb_scf_csot_ageing_data.yml,cloned_repos\GP_AF_SCF\dags\talend_exit\SCF\workflows\SCF_SMI_execution_plan\scf_jb_scf_csot_ageing_data.yml,Error,"could not determine a constructor for the tag 'tag:yaml.org,2002:python/tuple'
  in ""cloned_repos\GP_AF_SCF\dags\talend_exit\SCF\workflows\SCF_SMI_execution_plan\scf_jb_scf_csot_ageing_data.yml"", line 23, column 15"
GP_AF_SCF,scf_jb_scf_csot_base_ageing_data.yml,cloned_repos\GP_AF_SCF\dags\talend_exit\SCF\workflows\SCF_SMI_execution_plan\scf_jb_scf_csot_base_ageing_data.yml,Error,"could not determine a constructor for the tag 'tag:yaml.org,2002:python/tuple'
  in ""cloned_repos\GP_AF_SCF\dags\talend_exit\SCF\workflows\SCF_SMI_execution_plan\scf_jb_scf_csot_base_ageing_data.yml"", line 23, column 15"
GP_AF_SCF,scf_jb_scf_csot_calculate_on_hand_reserve.yml,cloned_repos\GP_AF_SCF\dags\talend_exit\SCF\workflows\SCF_SMI_execution_plan\scf_jb_scf_csot_calculate_on_hand_reserve.yml,Error,"could not determine a constructor for the tag 'tag:yaml.org,2002:python/tuple'
  in ""cloned_repos\GP_AF_SCF\dags\talend_exit\SCF\workflows\SCF_SMI_execution_plan\scf_jb_scf_csot_calculate_on_hand_reserve.yml"", line 23, column 15"
GP_AF_SCF,scf_jb_scf_csot_calculate_production_wip_reserve.yml,cloned_repos\GP_AF_SCF\dags\talend_exit\SCF\workflows\SCF_SMI_execution_plan\scf_jb_scf_csot_calculate_production_wip_reserve.yml,Error,"could not determine a constructor for the tag 'tag:yaml.org,2002:python/tuple'
  in ""cloned_repos\GP_AF_SCF\dags\talend_exit\SCF\workflows\SCF_SMI_execution_plan\scf_jb_scf_csot_calculate_production_wip_reserve.yml"", line 23, column 15"
GP_AF_SCF,scf_jb_scf_csot_characteristics.yml,cloned_repos\GP_AF_SCF\dags\talend_exit\SCF\workflows\SCF_SMI_execution_plan\scf_jb_scf_csot_characteristics.yml,Error,"could not determine a constructor for the tag 'tag:yaml.org,2002:python/tuple'
  in ""cloned_repos\GP_AF_SCF\dags\talend_exit\SCF\workflows\SCF_SMI_execution_plan\scf_jb_scf_csot_characteristics.yml"", line 23, column 15"
GP_AF_SCF,scf_jb_scf_csot_demand_data.yml,cloned_repos\GP_AF_SCF\dags\talend_exit\SCF\workflows\SCF_SMI_execution_plan\scf_jb_scf_csot_demand_data.yml,Error,"could not determine a constructor for the tag 'tag:yaml.org,2002:python/tuple'
  in ""cloned_repos\GP_AF_SCF\dags\talend_exit\SCF\workflows\SCF_SMI_execution_plan\scf_jb_scf_csot_demand_data.yml"", line 23, column 15"
GP_AF_SCF,scf_jb_scf_csot_excess_inventory.yml,cloned_repos\GP_AF_SCF\dags\talend_exit\SCF\workflows\SCF_SMI_execution_plan\scf_jb_scf_csot_excess_inventory.yml,Error,"could not determine a constructor for the tag 'tag:yaml.org,2002:python/tuple'
  in ""cloned_repos\GP_AF_SCF\dags\talend_exit\SCF\workflows\SCF_SMI_execution_plan\scf_jb_scf_csot_excess_inventory.yml"", line 23, column 15"
GP_AF_SCF,scf_jb_scf_csot_goods_receipts.yml,cloned_repos\GP_AF_SCF\dags\talend_exit\SCF\workflows\SCF_SMI_execution_plan\scf_jb_scf_csot_goods_receipts.yml,Error,"could not determine a constructor for the tag 'tag:yaml.org,2002:python/tuple'
  in ""cloned_repos\GP_AF_SCF\dags\talend_exit\SCF\workflows\SCF_SMI_execution_plan\scf_jb_scf_csot_goods_receipts.yml"", line 23, column 15"
GP_AF_SCF,scf_jb_scf_csot_onhand_inventory.yml,cloned_repos\GP_AF_SCF\dags\talend_exit\SCF\workflows\SCF_SMI_execution_plan\scf_jb_scf_csot_onhand_inventory.yml,Error,"could not determine a constructor for the tag 'tag:yaml.org,2002:python/tuple'
  in ""cloned_repos\GP_AF_SCF\dags\talend_exit\SCF\workflows\SCF_SMI_execution_plan\scf_jb_scf_csot_onhand_inventory.yml"", line 22, column 15"
GP_AF_SCF,scf_jb_scf_csot_project_wip.yml,cloned_repos\GP_AF_SCF\dags\talend_exit\SCF\workflows\SCF_SMI_execution_plan\scf_jb_scf_csot_project_wip.yml,Error,"could not determine a constructor for the tag 'tag:yaml.org,2002:python/tuple'
  in ""cloned_repos\GP_AF_SCF\dags\talend_exit\SCF\workflows\SCF_SMI_execution_plan\scf_jb_scf_csot_project_wip.yml"", line 22, column 15"
GP_AF_SCF,scf_jb_scf_csot_quaterly_estimation.yml,cloned_repos\GP_AF_SCF\dags\talend_exit\SCF\workflows\SCF_SMI_execution_plan\scf_jb_scf_csot_quaterly_estimation.yml,Error,"could not determine a constructor for the tag 'tag:yaml.org,2002:python/tuple'
  in ""cloned_repos\GP_AF_SCF\dags\talend_exit\SCF\workflows\SCF_SMI_execution_plan\scf_jb_scf_csot_quaterly_estimation.yml"", line 23, column 15"
GP_AF_SCF,scf_jb_scf_csot_remaining_ageing_data.yml,cloned_repos\GP_AF_SCF\dags\talend_exit\SCF\workflows\SCF_SMI_execution_plan\scf_jb_scf_csot_remaining_ageing_data.yml,Error,"could not determine a constructor for the tag 'tag:yaml.org,2002:python/tuple'
  in ""cloned_repos\GP_AF_SCF\dags\talend_exit\SCF\workflows\SCF_SMI_execution_plan\scf_jb_scf_csot_remaining_ageing_data.yml"", line 22, column 15"
GP_AF_SCF,scf_jb_scf_demand_alpha.yml,cloned_repos\GP_AF_SCF\dags\talend_exit\SCF\workflows\SCF_SMI_execution_plan\scf_jb_scf_demand_alpha.yml,Error,"could not determine a constructor for the tag 'tag:yaml.org,2002:python/tuple'
  in ""cloned_repos\GP_AF_SCF\dags\talend_exit\SCF\workflows\SCF_SMI_execution_plan\scf_jb_scf_demand_alpha.yml"", line 22, column 15"
GP_AF_SCF,scf_jb_scf_demand_baan.yml,cloned_repos\GP_AF_SCF\dags\talend_exit\SCF\workflows\SCF_SMI_execution_plan\scf_jb_scf_demand_baan.yml,Error,"could not determine a constructor for the tag 'tag:yaml.org,2002:python/tuple'
  in ""cloned_repos\GP_AF_SCF\dags\talend_exit\SCF\workflows\SCF_SMI_execution_plan\scf_jb_scf_demand_baan.yml"", line 23, column 15"
GP_AF_SCF,scf_jb_scf_demand_bulk_pmx.yml,cloned_repos\GP_AF_SCF\dags\talend_exit\SCF\workflows\SCF_SMI_execution_plan\scf_jb_scf_demand_bulk_pmx.yml,Error,"could not determine a constructor for the tag 'tag:yaml.org,2002:python/tuple'
  in ""cloned_repos\GP_AF_SCF\dags\talend_exit\SCF\workflows\SCF_SMI_execution_plan\scf_jb_scf_demand_bulk_pmx.yml"", line 23, column 15"
GP_AF_SCF,scf_jb_scf_demand_pmx.yml,cloned_repos\GP_AF_SCF\dags\talend_exit\SCF\workflows\SCF_SMI_execution_plan\scf_jb_scf_demand_pmx.yml,Error,"could not determine a constructor for the tag 'tag:yaml.org,2002:python/tuple'
  in ""cloned_repos\GP_AF_SCF\dags\talend_exit\SCF\workflows\SCF_SMI_execution_plan\scf_jb_scf_demand_pmx.yml"", line 23, column 15"
GP_AF_SCF,scf_jb_scf_demand_zeal.yml,cloned_repos\GP_AF_SCF\dags\talend_exit\SCF\workflows\SCF_SMI_execution_plan\scf_jb_scf_demand_zeal.yml,Error,"could not determine a constructor for the tag 'tag:yaml.org,2002:python/tuple'
  in ""cloned_repos\GP_AF_SCF\dags\talend_exit\SCF\workflows\SCF_SMI_execution_plan\scf_jb_scf_demand_zeal.yml"", line 23, column 15"
GP_AF_SCF,scf_jb_scf_fifo_coep_pmx.yml,cloned_repos\GP_AF_SCF\dags\talend_exit\SCF\workflows\SCF_SMI_execution_plan\scf_jb_scf_fifo_coep_pmx.yml,Error,"could not determine a constructor for the tag 'tag:yaml.org,2002:python/tuple'
  in ""cloned_repos\GP_AF_SCF\dags\talend_exit\SCF\workflows\SCF_SMI_execution_plan\scf_jb_scf_fifo_coep_pmx.yml"", line 23, column 15"
GP_AF_SCF,scf_jb_scf_fifo_prodorder_hrs_pmx.yml,cloned_repos\GP_AF_SCF\dags\talend_exit\SCF\workflows\SCF_SMI_execution_plan\scf_jb_scf_fifo_prodorder_hrs_pmx.yml,Error,"could not determine a constructor for the tag 'tag:yaml.org,2002:python/tuple'
  in ""cloned_repos\GP_AF_SCF\dags\talend_exit\SCF\workflows\SCF_SMI_execution_plan\scf_jb_scf_fifo_prodorder_hrs_pmx.yml"", line 23, column 15"
GP_AF_SCF,scf_jb_scf_fifo_prodorder_mmt_pmx.yml,cloned_repos\GP_AF_SCF\dags\talend_exit\SCF\workflows\SCF_SMI_execution_plan\scf_jb_scf_fifo_prodorder_mmt_pmx.yml,Error,"could not determine a constructor for the tag 'tag:yaml.org,2002:python/tuple'
  in ""cloned_repos\GP_AF_SCF\dags\talend_exit\SCF\workflows\SCF_SMI_execution_plan\scf_jb_scf_fifo_prodorder_mmt_pmx.yml"", line 22, column 15"
GP_AF_SCF,scf_jb_scf_fifo_prod_order_pmx.yml,cloned_repos\GP_AF_SCF\dags\talend_exit\SCF\workflows\SCF_SMI_execution_plan\scf_jb_scf_fifo_prod_order_pmx.yml,Error,"could not determine a constructor for the tag 'tag:yaml.org,2002:python/tuple'
  in ""cloned_repos\GP_AF_SCF\dags\talend_exit\SCF\workflows\SCF_SMI_execution_plan\scf_jb_scf_fifo_prod_order_pmx.yml"", line 23, column 15"
GP_AF_SCF,scf_jb_scf_fifo_wip_mov_zeal.yml,cloned_repos\GP_AF_SCF\dags\talend_exit\SCF\workflows\SCF_SMI_execution_plan\scf_jb_scf_fifo_wip_mov_zeal.yml,Error,"could not determine a constructor for the tag 'tag:yaml.org,2002:python/tuple'
  in ""cloned_repos\GP_AF_SCF\dags\talend_exit\SCF\workflows\SCF_SMI_execution_plan\scf_jb_scf_fifo_wip_mov_zeal.yml"", line 22, column 15"
GP_AF_SCF,scf_jb_scf_fifo_wip_prodhrs_zeal.yml,cloned_repos\GP_AF_SCF\dags\talend_exit\SCF\workflows\SCF_SMI_execution_plan\scf_jb_scf_fifo_wip_prodhrs_zeal.yml,Error,"could not determine a constructor for the tag 'tag:yaml.org,2002:python/tuple'
  in ""cloned_repos\GP_AF_SCF\dags\talend_exit\SCF\workflows\SCF_SMI_execution_plan\scf_jb_scf_fifo_wip_prodhrs_zeal.yml"", line 22, column 15"
GP_AF_SCF,scf_jb_scf_fifo_wip_zeal.yml,cloned_repos\GP_AF_SCF\dags\talend_exit\SCF\workflows\SCF_SMI_execution_plan\scf_jb_scf_fifo_wip_zeal.yml,Error,"could not determine a constructor for the tag 'tag:yaml.org,2002:python/tuple'
  in ""cloned_repos\GP_AF_SCF\dags\talend_exit\SCF\workflows\SCF_SMI_execution_plan\scf_jb_scf_fifo_wip_zeal.yml"", line 22, column 15"
GP_AF_SCF,scf_jb_scf_free_po_quantities.yml,cloned_repos\GP_AF_SCF\dags\talend_exit\SCF\workflows\SCF_SMI_execution_plan\scf_jb_scf_free_po_quantities.yml,Error,"could not determine a constructor for the tag 'tag:yaml.org,2002:python/tuple'
  in ""cloned_repos\GP_AF_SCF\dags\talend_exit\SCF\workflows\SCF_SMI_execution_plan\scf_jb_scf_free_po_quantities.yml"", line 22, column 15"
GP_AF_SCF,scf_jb_scf_grs_historical_usage_pmx.yml,cloned_repos\GP_AF_SCF\dags\talend_exit\SCF\workflows\SCF_SMI_execution_plan\scf_jb_scf_grs_historical_usage_pmx.yml,Error,"could not determine a constructor for the tag 'tag:yaml.org,2002:python/tuple'
  in ""cloned_repos\GP_AF_SCF\dags\talend_exit\SCF\workflows\SCF_SMI_execution_plan\scf_jb_scf_grs_historical_usage_pmx.yml"", line 22, column 15"
GP_AF_SCF,scf_jb_scf_income_stmts_hierarchy_pmx.yml,cloned_repos\GP_AF_SCF\dags\talend_exit\SCF\workflows\SCF_SMI_execution_plan\scf_jb_scf_income_stmts_hierarchy_pmx.yml,Error,"could not determine a constructor for the tag 'tag:yaml.org,2002:python/tuple'
  in ""cloned_repos\GP_AF_SCF\dags\talend_exit\SCF\workflows\SCF_SMI_execution_plan\scf_jb_scf_income_stmts_hierarchy_pmx.yml"", line 22, column 15"
GP_AF_SCF,scf_jb_scf_income_stmts_pmx.yml,cloned_repos\GP_AF_SCF\dags\talend_exit\SCF\workflows\SCF_SMI_execution_plan\scf_jb_scf_income_stmts_pmx.yml,Error,"could not determine a constructor for the tag 'tag:yaml.org,2002:python/tuple'
  in ""cloned_repos\GP_AF_SCF\dags\talend_exit\SCF\workflows\SCF_SMI_execution_plan\scf_jb_scf_income_stmts_pmx.yml"", line 22, column 15"
GP_AF_SCF,scf_jb_scf_items_alpha.yml,cloned_repos\GP_AF_SCF\dags\talend_exit\SCF\workflows\SCF_SMI_execution_plan\scf_jb_scf_items_alpha.yml,Error,"could not determine a constructor for the tag 'tag:yaml.org,2002:python/tuple'
  in ""cloned_repos\GP_AF_SCF\dags\talend_exit\SCF\workflows\SCF_SMI_execution_plan\scf_jb_scf_items_alpha.yml"", line 22, column 15"
GP_AF_SCF,scf_jb_scf_material_movements_alpha.yml,cloned_repos\GP_AF_SCF\dags\talend_exit\SCF\workflows\SCF_SMI_execution_plan\scf_jb_scf_material_movements_alpha.yml,Error,"could not determine a constructor for the tag 'tag:yaml.org,2002:python/tuple'
  in ""cloned_repos\GP_AF_SCF\dags\talend_exit\SCF\workflows\SCF_SMI_execution_plan\scf_jb_scf_material_movements_alpha.yml"", line 22, column 15"
GP_AF_SCF,scf_jb_scf_material_movements_baan.yml,cloned_repos\GP_AF_SCF\dags\talend_exit\SCF\workflows\SCF_SMI_execution_plan\scf_jb_scf_material_movements_baan.yml,Error,"could not determine a constructor for the tag 'tag:yaml.org,2002:python/tuple'
  in ""cloned_repos\GP_AF_SCF\dags\talend_exit\SCF\workflows\SCF_SMI_execution_plan\scf_jb_scf_material_movements_baan.yml"", line 22, column 15"
GP_AF_SCF,scf_jb_scf_material_movements_pmx.yml,cloned_repos\GP_AF_SCF\dags\talend_exit\SCF\workflows\SCF_SMI_execution_plan\scf_jb_scf_material_movements_pmx.yml,Error,"could not determine a constructor for the tag 'tag:yaml.org,2002:python/tuple'
  in ""cloned_repos\GP_AF_SCF\dags\talend_exit\SCF\workflows\SCF_SMI_execution_plan\scf_jb_scf_material_movements_pmx.yml"", line 22, column 15"
GP_AF_SCF,scf_jb_scf_material_movements_zeal.yml,cloned_repos\GP_AF_SCF\dags\talend_exit\SCF\workflows\SCF_SMI_execution_plan\scf_jb_scf_material_movements_zeal.yml,Error,"could not determine a constructor for the tag 'tag:yaml.org,2002:python/tuple'
  in ""cloned_repos\GP_AF_SCF\dags\talend_exit\SCF\workflows\SCF_SMI_execution_plan\scf_jb_scf_material_movements_zeal.yml"", line 22, column 15"
GP_AF_SCF,scf_jb_scf_onhand_inventory_alpha.yml,cloned_repos\GP_AF_SCF\dags\talend_exit\SCF\workflows\SCF_SMI_execution_plan\scf_jb_scf_onhand_inventory_alpha.yml,Error,"could not determine a constructor for the tag 'tag:yaml.org,2002:python/tuple'
  in ""cloned_repos\GP_AF_SCF\dags\talend_exit\SCF\workflows\SCF_SMI_execution_plan\scf_jb_scf_onhand_inventory_alpha.yml"", line 22, column 15"
GP_AF_SCF,scf_jb_scf_onhand_inventory_baan.yml,cloned_repos\GP_AF_SCF\dags\talend_exit\SCF\workflows\SCF_SMI_execution_plan\scf_jb_scf_onhand_inventory_baan.yml,Error,"could not determine a constructor for the tag 'tag:yaml.org,2002:python/tuple'
  in ""cloned_repos\GP_AF_SCF\dags\talend_exit\SCF\workflows\SCF_SMI_execution_plan\scf_jb_scf_onhand_inventory_baan.yml"", line 22, column 15"
GP_AF_SCF,scf_jb_scf_onhand_inventory_pmx.yml,cloned_repos\GP_AF_SCF\dags\talend_exit\SCF\workflows\SCF_SMI_execution_plan\scf_jb_scf_onhand_inventory_pmx.yml,Error,"could not determine a constructor for the tag 'tag:yaml.org,2002:python/tuple'
  in ""cloned_repos\GP_AF_SCF\dags\talend_exit\SCF\workflows\SCF_SMI_execution_plan\scf_jb_scf_onhand_inventory_pmx.yml"", line 22, column 15"
GP_AF_SCF,scf_jb_scf_onhand_inventory_pmx_details.yml,cloned_repos\GP_AF_SCF\dags\talend_exit\SCF\workflows\SCF_SMI_execution_plan\scf_jb_scf_onhand_inventory_pmx_details.yml,Error,"could not determine a constructor for the tag 'tag:yaml.org,2002:python/tuple'
  in ""cloned_repos\GP_AF_SCF\dags\talend_exit\SCF\workflows\SCF_SMI_execution_plan\scf_jb_scf_onhand_inventory_pmx_details.yml"", line 21, column 15"
GP_AF_SCF,scf_jb_scf_onhand_inventory_repairs.yml,cloned_repos\GP_AF_SCF\dags\talend_exit\SCF\workflows\SCF_SMI_execution_plan\scf_jb_scf_onhand_inventory_repairs.yml,Error,"could not determine a constructor for the tag 'tag:yaml.org,2002:python/tuple'
  in ""cloned_repos\GP_AF_SCF\dags\talend_exit\SCF\workflows\SCF_SMI_execution_plan\scf_jb_scf_onhand_inventory_repairs.yml"", line 22, column 15"
GP_AF_SCF,scf_jb_scf_onhand_inventory_zeal.yml,cloned_repos\GP_AF_SCF\dags\talend_exit\SCF\workflows\SCF_SMI_execution_plan\scf_jb_scf_onhand_inventory_zeal.yml,Error,"could not determine a constructor for the tag 'tag:yaml.org,2002:python/tuple'
  in ""cloned_repos\GP_AF_SCF\dags\talend_exit\SCF\workflows\SCF_SMI_execution_plan\scf_jb_scf_onhand_inventory_zeal.yml"", line 22, column 15"
GP_AF_SCF,scf_jb_scf_onhand_inventory_zeal_details.yml,cloned_repos\GP_AF_SCF\dags\talend_exit\SCF\workflows\SCF_SMI_execution_plan\scf_jb_scf_onhand_inventory_zeal_details.yml,Error,"could not determine a constructor for the tag 'tag:yaml.org,2002:python/tuple'
  in ""cloned_repos\GP_AF_SCF\dags\talend_exit\SCF\workflows\SCF_SMI_execution_plan\scf_jb_scf_onhand_inventory_zeal_details.yml"", line 21, column 15"
GP_AF_SCF,scf_jb_scf_plm_obsoletes.yml,cloned_repos\GP_AF_SCF\dags\talend_exit\SCF\workflows\SCF_SMI_execution_plan\scf_jb_scf_plm_obsoletes.yml,Error,"could not determine a constructor for the tag 'tag:yaml.org,2002:python/tuple'
  in ""cloned_repos\GP_AF_SCF\dags\talend_exit\SCF\workflows\SCF_SMI_execution_plan\scf_jb_scf_plm_obsoletes.yml"", line 22, column 15"
GP_AF_SCF,scf_jb_scf_production_wip_baan.yml,cloned_repos\GP_AF_SCF\dags\talend_exit\SCF\workflows\SCF_SMI_execution_plan\scf_jb_scf_production_wip_baan.yml,Error,"could not determine a constructor for the tag 'tag:yaml.org,2002:python/tuple'
  in ""cloned_repos\GP_AF_SCF\dags\talend_exit\SCF\workflows\SCF_SMI_execution_plan\scf_jb_scf_production_wip_baan.yml"", line 22, column 15"
GP_AF_SCF,scf_jb_scf_production_wip_csot.yml,cloned_repos\GP_AF_SCF\dags\talend_exit\SCF\workflows\SCF_SMI_execution_plan\scf_jb_scf_production_wip_csot.yml,Error,"could not determine a constructor for the tag 'tag:yaml.org,2002:python/tuple'
  in ""cloned_repos\GP_AF_SCF\dags\talend_exit\SCF\workflows\SCF_SMI_execution_plan\scf_jb_scf_production_wip_csot.yml"", line 22, column 15"
GP_AF_SCF,scf_jb_scf_production_wip_pmx.yml,cloned_repos\GP_AF_SCF\dags\talend_exit\SCF\workflows\SCF_SMI_execution_plan\scf_jb_scf_production_wip_pmx.yml,Error,"could not determine a constructor for the tag 'tag:yaml.org,2002:python/tuple'
  in ""cloned_repos\GP_AF_SCF\dags\talend_exit\SCF\workflows\SCF_SMI_execution_plan\scf_jb_scf_production_wip_pmx.yml"", line 22, column 15"
GP_AF_SCF,scf_jb_scf_production_wip_zeal.yml,cloned_repos\GP_AF_SCF\dags\talend_exit\SCF\workflows\SCF_SMI_execution_plan\scf_jb_scf_production_wip_zeal.yml,Error,"could not determine a constructor for the tag 'tag:yaml.org,2002:python/tuple'
  in ""cloned_repos\GP_AF_SCF\dags\talend_exit\SCF\workflows\SCF_SMI_execution_plan\scf_jb_scf_production_wip_zeal.yml"", line 22, column 15"
GP_AF_SCF,scf_jb_scf_project_wip_baan.yml,cloned_repos\GP_AF_SCF\dags\talend_exit\SCF\workflows\SCF_SMI_execution_plan\scf_jb_scf_project_wip_baan.yml,Error,"could not determine a constructor for the tag 'tag:yaml.org,2002:python/tuple'
  in ""cloned_repos\GP_AF_SCF\dags\talend_exit\SCF\workflows\SCF_SMI_execution_plan\scf_jb_scf_project_wip_baan.yml"", line 22, column 15"
GP_AF_SCF,scf_jb_scf_project_wip_pmx.yml,cloned_repos\GP_AF_SCF\dags\talend_exit\SCF\workflows\SCF_SMI_execution_plan\scf_jb_scf_project_wip_pmx.yml,Error,"could not determine a constructor for the tag 'tag:yaml.org,2002:python/tuple'
  in ""cloned_repos\GP_AF_SCF\dags\talend_exit\SCF\workflows\SCF_SMI_execution_plan\scf_jb_scf_project_wip_pmx.yml"", line 22, column 15"
GP_AF_SCF,scf_jb_scf_rop_materials_baan.yml,cloned_repos\GP_AF_SCF\dags\talend_exit\SCF\workflows\SCF_SMI_execution_plan\scf_jb_scf_rop_materials_baan.yml,Error,"could not determine a constructor for the tag 'tag:yaml.org,2002:python/tuple'
  in ""cloned_repos\GP_AF_SCF\dags\talend_exit\SCF\workflows\SCF_SMI_execution_plan\scf_jb_scf_rop_materials_baan.yml"", line 22, column 15"
GP_AF_SCF,scf_jb_scf_rop_materials_zeal.yml,cloned_repos\GP_AF_SCF\dags\talend_exit\SCF\workflows\SCF_SMI_execution_plan\scf_jb_scf_rop_materials_zeal.yml,Error,"could not determine a constructor for the tag 'tag:yaml.org,2002:python/tuple'
  in ""cloned_repos\GP_AF_SCF\dags\talend_exit\SCF\workflows\SCF_SMI_execution_plan\scf_jb_scf_rop_materials_zeal.yml"", line 22, column 15"
GP_AF_SCF,scf_jb_scf_saprepairs_movements_consumption.yml,cloned_repos\GP_AF_SCF\dags\talend_exit\SCF\workflows\SCF_SMI_execution_plan\scf_jb_scf_saprepairs_movements_consumption.yml,Error,"could not determine a constructor for the tag 'tag:yaml.org,2002:python/tuple'
  in ""cloned_repos\GP_AF_SCF\dags\talend_exit\SCF\workflows\SCF_SMI_execution_plan\scf_jb_scf_saprepairs_movements_consumption.yml"", line 22, column 15"
GP_AF_SCF,scf_jb_scf_sot_frames.yml,cloned_repos\GP_AF_SCF\dags\talend_exit\SCF\workflows\SCF_SMI_execution_plan\scf_jb_scf_sot_frames.yml,Error,"could not determine a constructor for the tag 'tag:yaml.org,2002:python/tuple'
  in ""cloned_repos\GP_AF_SCF\dags\talend_exit\SCF\workflows\SCF_SMI_execution_plan\scf_jb_scf_sot_frames.yml"", line 22, column 15"
GP_AF_SCF,scf_jb_scf_unique_profit_center_areas.yml,cloned_repos\GP_AF_SCF\dags\talend_exit\SCF\workflows\SCF_SMI_execution_plan\scf_jb_scf_unique_profit_center_areas.yml,Error,"could not determine a constructor for the tag 'tag:yaml.org,2002:python/tuple'
  in ""cloned_repos\GP_AF_SCF\dags\talend_exit\SCF\workflows\SCF_SMI_execution_plan\scf_jb_scf_unique_profit_center_areas.yml"", line 22, column 15"
GP_AF_SCF,scf_jb_scf_zeal_production_wip_movements.yml,cloned_repos\GP_AF_SCF\dags\talend_exit\SCF\workflows\SCF_SMI_execution_plan\scf_jb_scf_zeal_production_wip_movements.yml,Error,"could not determine a constructor for the tag 'tag:yaml.org,2002:python/tuple'
  in ""cloned_repos\GP_AF_SCF\dags\talend_exit\SCF\workflows\SCF_SMI_execution_plan\scf_jb_scf_zeal_production_wip_movements.yml"", line 22, column 15"
GP_AF_SCF,scf_SCF_SMI_execution_plan.yaml,cloned_repos\GP_AF_SCF\dags\talend_exit\SCF\workflows\SCF_SMI_execution_plan\scf_SCF_SMI_execution_plan.yaml,Error,"could not determine a constructor for the tag 'tag:yaml.org,2002:python/tuple'
  in ""cloned_repos\GP_AF_SCF\dags\talend_exit\SCF\workflows\SCF_SMI_execution_plan\scf_SCF_SMI_execution_plan.yaml"", line 202, column 15"
